{
  "ABIRoot": {
    "kind": "Root",
    "name": "TopLevel",
    "printedName": "TopLevel",
    "children": [
      {
        "kind": "Import",
        "name": "Foundation",
        "printedName": "Foundation",
        "declKind": "Import",
        "moduleName": "PradoIronSourceAdapter",
        "declAttributes": [
          "RawDocComment"
        ]
      },
      {
        "kind": "Import",
        "name": "PradoSDK",
        "printedName": "PradoSDK",
        "declKind": "Import",
        "moduleName": "PradoIronSourceAdapter"
      },
      {
        "kind": "TypeDecl",
        "name": "PradoIronSourceSDKInfo",
        "printedName": "PradoIronSourceSDKInfo",
        "children": [
          {
            "kind": "Function",
            "name": "getSdkVersion",
            "printedName": "getSdkVersion()",
            "children": [
              {
                "kind": "TypeNominal",
                "name": "String",
                "printedName": "Swift.String",
                "usr": "s:SS"
              }
            ],
            "declKind": "Func",
            "usr": "s:22PradoIronSourceAdapter0abC7SDKInfoC13getSdkVersionSSyFZ",
            "mangledName": "$s22PradoIronSourceAdapter0abC7SDKInfoC13getSdkVersionSSyFZ",
            "moduleName": "PradoIronSourceAdapter",
            "static": true,
            "declAttributes": [
              "Final",
              "AccessControl"
            ],
            "funcSelfKind": "NonMutating"
          },
          {
            "kind": "Function",
            "name": "networkSDKVersion",
            "printedName": "networkSDKVersion()",
            "children": [
              {
                "kind": "TypeNominal",
                "name": "String",
                "printedName": "Swift.String",
                "usr": "s:SS"
              }
            ],
            "declKind": "Func",
            "usr": "s:22PradoIronSourceAdapter0abC7SDKInfoC17networkSDKVersionSSyFZ",
            "mangledName": "$s22PradoIronSourceAdapter0abC7SDKInfoC17networkSDKVersionSSyFZ",
            "moduleName": "PradoIronSourceAdapter",
            "static": true,
            "declAttributes": [
              "Final",
              "AccessControl"
            ],
            "funcSelfKind": "NonMutating"
          },
          {
            "kind": "Function",
            "name": "adapterSDKVersion",
            "printedName": "adapterSDKVersion()",
            "children": [
              {
                "kind": "TypeNominal",
                "name": "String",
                "printedName": "Swift.String",
                "usr": "s:SS"
              }
            ],
            "declKind": "Func",
            "usr": "s:22PradoIronSourceAdapter0abC7SDKInfoC17adapterSDKVersionSSyFZ",
            "mangledName": "$s22PradoIronSourceAdapter0abC7SDKInfoC17adapterSDKVersionSSyFZ",
            "moduleName": "PradoIronSourceAdapter",
            "static": true,
            "declAttributes": [
              "Final",
              "AccessControl"
            ],
            "funcSelfKind": "NonMutating"
          },
          {
            "kind": "Constructor",
            "name": "init",
            "printedName": "init()",
            "children": [
              {
                "kind": "TypeNominal",
                "name": "PradoIronSourceSDKInfo",
                "printedName": "PradoIronSourceAdapter.PradoIronSourceSDKInfo",
                "usr": "c:@M@PradoIronSourceAdapter@objc(cs)PradoIronSourceSDKInfo"
              }
            ],
            "declKind": "Constructor",
            "usr": "c:@M@PradoIronSourceAdapter@objc(cs)PradoIronSourceSDKInfo(im)init",
            "mangledName": "$s22PradoIronSourceAdapter0abC7SDKInfoCACycfc",
            "moduleName": "PradoIronSourceAdapter",
            "overriding": true,
            "implicit": true,
            "objc_name": "init",
            "declAttributes": [
              "Dynamic",
              "ObjC",
              "Override"
            ],
            "init_kind": "Designated"
          }
        ],
        "declKind": "Class",
        "usr": "c:@M@PradoIronSourceAdapter@objc(cs)PradoIronSourceSDKInfo",
        "mangledName": "$s22PradoIronSourceAdapter0abC7SDKInfoC",
        "moduleName": "PradoIronSourceAdapter",
        "objc_name": "PradoIronSourceSDKInfo",
        "declAttributes": [
          "AccessControl",
          "ObjC"
        ],
        "superclassUsr": "c:objc(cs)NSObject",
        "inheritsConvenienceInitializers": true,
        "superclassNames": [
          "ObjectiveC.NSObject"
        ],
        "conformances": [
          {
            "kind": "Conformance",
            "name": "Equatable",
            "printedName": "Equatable",
            "usr": "s:SQ",
            "mangledName": "$sSQ"
          },
          {
            "kind": "Conformance",
            "name": "Hashable",
            "printedName": "Hashable",
            "usr": "s:SH",
            "mangledName": "$sSH"
          },
          {
            "kind": "Conformance",
            "name": "CVarArg",
            "printedName": "CVarArg",
            "usr": "s:s7CVarArgP",
            "mangledName": "$ss7CVarArgP"
          },
          {
            "kind": "Conformance",
            "name": "_KeyValueCodingAndObservingPublishing",
            "printedName": "_KeyValueCodingAndObservingPublishing",
            "usr": "s:10Foundation37_KeyValueCodingAndObservingPublishingP",
            "mangledName": "$s10Foundation37_KeyValueCodingAndObservingPublishingP"
          },
          {
            "kind": "Conformance",
            "name": "_KeyValueCodingAndObserving",
            "printedName": "_KeyValueCodingAndObserving",
            "usr": "s:10Foundation27_KeyValueCodingAndObservingP",
            "mangledName": "$s10Foundation27_KeyValueCodingAndObservingP"
          },
          {
            "kind": "Conformance",
            "name": "CustomStringConvertible",
            "printedName": "CustomStringConvertible",
            "usr": "s:s23CustomStringConvertibleP",
            "mangledName": "$ss23CustomStringConvertibleP"
          },
          {
            "kind": "Conformance",
            "name": "CustomDebugStringConvertible",
            "printedName": "CustomDebugStringConvertible",
            "usr": "s:s28CustomDebugStringConvertibleP",
            "mangledName": "$ss28CustomDebugStringConvertibleP"
          }
        ]
      },
      {
        "kind": "Import",
        "name": "Foundation",
        "printedName": "Foundation",
        "declKind": "Import",
        "moduleName": "PradoIronSourceAdapter",
        "declAttributes": [
          "RawDocComment"
        ]
      },
      {
        "kind": "Import",
        "name": "PradoSDK",
        "printedName": "PradoSDK",
        "declKind": "Import",
        "moduleName": "PradoIronSourceAdapter"
      },
      {
        "kind": "Import",
        "name": "IronSource",
        "printedName": "IronSource",
        "declKind": "Import",
        "moduleName": "PradoIronSourceAdapter"
      },
      {
        "kind": "TypeDecl",
        "name": "ISPradoCustomAdapter",
        "printedName": "ISPradoCustomAdapter",
        "children": [
          {
            "kind": "Function",
            "name": "`init`",
            "printedName": "`init`(_:delegate:)",
            "children": [
              {
                "kind": "TypeNominal",
                "name": "Void",
                "printedName": "()"
              },
              {
                "kind": "TypeNominal",
                "name": "ImplicitlyUnwrappedOptional",
                "printedName": "IronSource.ISAdData?",
                "children": [
                  {
                    "kind": "TypeNominal",
                    "name": "ISAdData",
                    "printedName": "IronSource.ISAdData",
                    "usr": "c:objc(cs)ISAdData"
                  }
                ],
                "usr": "s:Sq"
              },
              {
                "kind": "TypeNominal",
                "name": "ImplicitlyUnwrappedOptional",
                "printedName": "IronSource.ISNetworkInitializationDelegate?",
                "children": [
                  {
                    "kind": "TypeNominal",
                    "name": "ISNetworkInitializationDelegate",
                    "printedName": "IronSource.ISNetworkInitializationDelegate",
                    "usr": "c:objc(pl)ISNetworkInitializationDelegate"
                  }
                ],
                "usr": "s:Sq"
              }
            ],
            "declKind": "Func",
            "usr": "c:@M@PradoIronSourceAdapter@objc(cs)ISPradoCustomAdapter(im)init:delegate:",
            "mangledName": "$s22PradoIronSourceAdapter013ISPradoCustomD0C4init_8delegateySo8ISAdDataCSg_So31ISNetworkInitializationDelegate_pSgtF",
            "moduleName": "PradoIronSourceAdapter",
            "overriding": true,
            "objc_name": "init:delegate:",
            "declAttributes": [
              "Dynamic",
              "ObjC",
              "Override",
              "AccessControl"
            ],
            "funcSelfKind": "NonMutating"
          },
          {
            "kind": "Function",
            "name": "initSDK",
            "printedName": "initSDK(adData:delegate:)",
            "children": [
              {
                "kind": "TypeNominal",
                "name": "Void",
                "printedName": "()"
              },
              {
                "kind": "TypeNominal",
                "name": "ImplicitlyUnwrappedOptional",
                "printedName": "IronSource.ISAdData?",
                "children": [
                  {
                    "kind": "TypeNominal",
                    "name": "ISAdData",
                    "printedName": "IronSource.ISAdData",
                    "usr": "c:objc(cs)ISAdData"
                  }
                ],
                "usr": "s:Sq"
              },
              {
                "kind": "TypeNominal",
                "name": "ImplicitlyUnwrappedOptional",
                "printedName": "IronSource.ISNetworkInitializationDelegate?",
                "children": [
                  {
                    "kind": "TypeNominal",
                    "name": "ISNetworkInitializationDelegate",
                    "printedName": "IronSource.ISNetworkInitializationDelegate",
                    "usr": "c:objc(pl)ISNetworkInitializationDelegate"
                  }
                ],
                "usr": "s:Sq"
              }
            ],
            "declKind": "Func",
            "usr": "s:22PradoIronSourceAdapter013ISPradoCustomD0C7initSDK6adData8delegateySo04ISAdJ0CSg_So31ISNetworkInitializationDelegate_pSgtF",
            "mangledName": "$s22PradoIronSourceAdapter013ISPradoCustomD0C7initSDK6adData8delegateySo04ISAdJ0CSg_So31ISNetworkInitializationDelegate_pSgtF",
            "moduleName": "PradoIronSourceAdapter",
            "declAttributes": [
              "AccessControl"
            ],
            "funcSelfKind": "NonMutating"
          },
          {
            "kind": "Function",
            "name": "onInitSuccess",
            "printedName": "onInitSuccess()",
            "children": [
              {
                "kind": "TypeNominal",
                "name": "Void",
                "printedName": "()"
              }
            ],
            "declKind": "Func",
            "usr": "c:@M@PradoIronSourceAdapter@objc(cs)ISPradoCustomAdapter(im)onInitSuccess",
            "mangledName": "$s22PradoIronSourceAdapter013ISPradoCustomD0C13onInitSuccessyyF",
            "moduleName": "PradoIronSourceAdapter",
            "objc_name": "onInitSuccess",
            "declAttributes": [
              "ObjC",
              "AccessControl"
            ],
            "funcSelfKind": "NonMutating"
          },
          {
            "kind": "Function",
            "name": "onInitError",
            "printedName": "onInitError(_:)",
            "children": [
              {
                "kind": "TypeNominal",
                "name": "Void",
                "printedName": "()"
              },
              {
                "kind": "TypeNominal",
                "name": "String",
                "printedName": "Swift.String",
                "usr": "s:SS"
              }
            ],
            "declKind": "Func",
            "usr": "c:@M@PradoIronSourceAdapter@objc(cs)ISPradoCustomAdapter(im)onInitError:",
            "mangledName": "$s22PradoIronSourceAdapter013ISPradoCustomD0C11onInitErroryySSF",
            "moduleName": "PradoIronSourceAdapter",
            "objc_name": "onInitError:",
            "declAttributes": [
              "ObjC",
              "AccessControl"
            ],
            "funcSelfKind": "NonMutating"
          },
          {
            "kind": "Function",
            "name": "networkSDKVersion",
            "printedName": "networkSDKVersion()",
            "children": [
              {
                "kind": "TypeNominal",
                "name": "ImplicitlyUnwrappedOptional",
                "printedName": "Swift.String?",
                "children": [
                  {
                    "kind": "TypeNominal",
                    "name": "String",
                    "printedName": "Swift.String",
                    "usr": "s:SS"
                  }
                ],
                "usr": "s:Sq"
              }
            ],
            "declKind": "Func",
            "usr": "c:@M@PradoIronSourceAdapter@objc(cs)ISPradoCustomAdapter(im)networkSDKVersion",
            "mangledName": "$s22PradoIronSourceAdapter013ISPradoCustomD0C17networkSDKVersionSSSgyF",
            "moduleName": "PradoIronSourceAdapter",
            "overriding": true,
            "objc_name": "networkSDKVersion",
            "declAttributes": [
              "Dynamic",
              "ObjC",
              "Override",
              "AccessControl"
            ],
            "funcSelfKind": "NonMutating"
          },
          {
            "kind": "Function",
            "name": "adapterVersion",
            "printedName": "adapterVersion()",
            "children": [
              {
                "kind": "TypeNominal",
                "name": "ImplicitlyUnwrappedOptional",
                "printedName": "Swift.String?",
                "children": [
                  {
                    "kind": "TypeNominal",
                    "name": "String",
                    "printedName": "Swift.String",
                    "usr": "s:SS"
                  }
                ],
                "usr": "s:Sq"
              }
            ],
            "declKind": "Func",
            "usr": "c:@M@PradoIronSourceAdapter@objc(cs)ISPradoCustomAdapter(im)adapterVersion",
            "mangledName": "$s22PradoIronSourceAdapter013ISPradoCustomD0C14adapterVersionSSSgyF",
            "moduleName": "PradoIronSourceAdapter",
            "overriding": true,
            "objc_name": "adapterVersion",
            "declAttributes": [
              "Dynamic",
              "ObjC",
              "Override",
              "AccessControl"
            ],
            "funcSelfKind": "NonMutating"
          },
          {
            "kind": "Constructor",
            "name": "init",
            "printedName": "init()",
            "children": [
              {
                "kind": "TypeNominal",
                "name": "ISPradoCustomAdapter",
                "printedName": "PradoIronSourceAdapter.ISPradoCustomAdapter",
                "usr": "c:@M@PradoIronSourceAdapter@objc(cs)ISPradoCustomAdapter"
              }
            ],
            "declKind": "Constructor",
            "usr": "c:@M@PradoIronSourceAdapter@objc(cs)ISPradoCustomAdapter(im)init",
            "mangledName": "$s22PradoIronSourceAdapter013ISPradoCustomD0CACycfc",
            "moduleName": "PradoIronSourceAdapter",
            "overriding": true,
            "implicit": true,
            "objc_name": "init",
            "declAttributes": [
              "Dynamic",
              "ObjC",
              "Override"
            ],
            "init_kind": "Designated"
          }
        ],
        "declKind": "Class",
        "usr": "c:@M@PradoIronSourceAdapter@objc(cs)ISPradoCustomAdapter",
        "mangledName": "$s22PradoIronSourceAdapter013ISPradoCustomD0C",
        "moduleName": "PradoIronSourceAdapter",
        "objc_name": "ISPradoCustomAdapter",
        "declAttributes": [
          "AccessControl",
          "ObjC"
        ],
        "superclassUsr": "c:objc(cs)ISBaseNetworkAdapter",
        "inheritsConvenienceInitializers": true,
        "superclassNames": [
          "IronSource.ISBaseNetworkAdapter",
          "ObjectiveC.NSObject"
        ],
        "conformances": [
          {
            "kind": "Conformance",
            "name": "PradoInitDelegate",
            "printedName": "PradoInitDelegate",
            "usr": "c:@M@PradoSDK@objc(pl)PradoInitDelegate",
            "mangledName": "$s8PradoSDK0A12InitDelegateP"
          },
          {
            "kind": "Conformance",
            "name": "Equatable",
            "printedName": "Equatable",
            "usr": "s:SQ",
            "mangledName": "$sSQ"
          },
          {
            "kind": "Conformance",
            "name": "Hashable",
            "printedName": "Hashable",
            "usr": "s:SH",
            "mangledName": "$sSH"
          },
          {
            "kind": "Conformance",
            "name": "CVarArg",
            "printedName": "CVarArg",
            "usr": "s:s7CVarArgP",
            "mangledName": "$ss7CVarArgP"
          },
          {
            "kind": "Conformance",
            "name": "_KeyValueCodingAndObservingPublishing",
            "printedName": "_KeyValueCodingAndObservingPublishing",
            "usr": "s:10Foundation37_KeyValueCodingAndObservingPublishingP",
            "mangledName": "$s10Foundation37_KeyValueCodingAndObservingPublishingP"
          },
          {
            "kind": "Conformance",
            "name": "_KeyValueCodingAndObserving",
            "printedName": "_KeyValueCodingAndObserving",
            "usr": "s:10Foundation27_KeyValueCodingAndObservingP",
            "mangledName": "$s10Foundation27_KeyValueCodingAndObservingP"
          },
          {
            "kind": "Conformance",
            "name": "CustomStringConvertible",
            "printedName": "CustomStringConvertible",
            "usr": "s:s23CustomStringConvertibleP",
            "mangledName": "$ss23CustomStringConvertibleP"
          },
          {
            "kind": "Conformance",
            "name": "CustomDebugStringConvertible",
            "printedName": "CustomDebugStringConvertible",
            "usr": "s:s28CustomDebugStringConvertibleP",
            "mangledName": "$ss28CustomDebugStringConvertibleP"
          },
          {
            "kind": "Conformance",
            "name": "SDKInitDelegate",
            "printedName": "SDKInitDelegate",
            "usr": "c:@M@PradoSDK@objc(pl)SDKInitDelegate",
            "mangledName": "$s8PradoSDK15SDKInitDelegateP"
          }
        ]
      },
      {
        "kind": "Import",
        "name": "Foundation",
        "printedName": "Foundation",
        "declKind": "Import",
        "moduleName": "PradoIronSourceAdapter",
        "declAttributes": [
          "RawDocComment"
        ]
      },
      {
        "kind": "Import",
        "name": "PradoSDK",
        "printedName": "PradoSDK",
        "declKind": "Import",
        "moduleName": "PradoIronSourceAdapter"
      },
      {
        "kind": "Import",
        "name": "IronSource",
        "printedName": "IronSource",
        "declKind": "Import",
        "moduleName": "PradoIronSourceAdapter"
      },
      {
        "kind": "TypeDecl",
        "name": "ISPradoCustomInterstitial",
        "printedName": "ISPradoCustomInterstitial",
        "children": [
          {
            "kind": "Function",
            "name": "loadAd",
            "printedName": "loadAd(with:delegate:)",
            "children": [
              {
                "kind": "TypeNominal",
                "name": "Void",
                "printedName": "()"
              },
              {
                "kind": "TypeNominal",
                "name": "ISAdData",
                "printedName": "IronSource.ISAdData",
                "usr": "c:objc(cs)ISAdData"
              },
              {
                "kind": "TypeNominal",
                "name": "ISInterstitialAdDelegate",
                "printedName": "IronSource.ISInterstitialAdDelegate",
                "usr": "c:objc(pl)ISInterstitialAdDelegate"
              }
            ],
            "declKind": "Func",
            "usr": "c:@M@PradoIronSourceAdapter@objc(cs)ISPradoCustomInterstitial(im)loadAdWithAdData:delegate:",
            "mangledName": "$s22PradoIronSourceAdapter25ISPradoCustomInterstitialC6loadAd4with8delegateySo8ISAdDataC_So014ISInterstitialI8Delegate_ptF",
            "moduleName": "PradoIronSourceAdapter",
            "overriding": true,
            "objc_name": "loadAdWithAdData:delegate:",
            "declAttributes": [
              "Dynamic",
              "ObjC",
              "Override",
              "AccessControl"
            ],
            "funcSelfKind": "NonMutating"
          },
          {
            "kind": "Function",
            "name": "showAd",
            "printedName": "showAd(with:adData:delegate:)",
            "children": [
              {
                "kind": "TypeNominal",
                "name": "Void",
                "printedName": "()"
              },
              {
                "kind": "TypeNominal",
                "name": "UIViewController",
                "printedName": "UIKit.UIViewController",
                "usr": "c:objc(cs)UIViewController"
              },
              {
                "kind": "TypeNominal",
                "name": "ISAdData",
                "printedName": "IronSource.ISAdData",
                "usr": "c:objc(cs)ISAdData"
              },
              {
                "kind": "TypeNominal",
                "name": "ISInterstitialAdDelegate",
                "printedName": "IronSource.ISInterstitialAdDelegate",
                "usr": "c:objc(pl)ISInterstitialAdDelegate"
              }
            ],
            "declKind": "Func",
            "usr": "c:@M@PradoIronSourceAdapter@objc(cs)ISPradoCustomInterstitial(im)showAdWithViewController:adData:delegate:",
            "mangledName": "$s22PradoIronSourceAdapter25ISPradoCustomInterstitialC6showAd4with6adData8delegateySo16UIViewControllerC_So04ISAdL0CSo014ISInterstitialI8Delegate_ptF",
            "moduleName": "PradoIronSourceAdapter",
            "overriding": true,
            "objc_name": "showAdWithViewController:adData:delegate:",
            "declAttributes": [
              "Dynamic",
              "ObjC",
              "Override",
              "AccessControl"
            ],
            "funcSelfKind": "NonMutating"
          },
          {
            "kind": "Function",
            "name": "isAdAvailable",
            "printedName": "isAdAvailable(with:)",
            "children": [
              {
                "kind": "TypeNominal",
                "name": "Bool",
                "printedName": "Swift.Bool",
                "usr": "s:Sb"
              },
              {
                "kind": "TypeNominal",
                "name": "ISAdData",
                "printedName": "IronSource.ISAdData",
                "usr": "c:objc(cs)ISAdData"
              }
            ],
            "declKind": "Func",
            "usr": "c:@M@PradoIronSourceAdapter@objc(cs)ISPradoCustomInterstitial(im)isAdAvailableWithAdData:",
            "mangledName": "$s22PradoIronSourceAdapter25ISPradoCustomInterstitialC13isAdAvailable4withSbSo8ISAdDataC_tF",
            "moduleName": "PradoIronSourceAdapter",
            "overriding": true,
            "objc_name": "isAdAvailableWithAdData:",
            "declAttributes": [
              "Dynamic",
              "ObjC",
              "Override",
              "AccessControl"
            ],
            "funcSelfKind": "NonMutating"
          },
          {
            "kind": "Function",
            "name": "onInterstitialAdLoaded",
            "printedName": "onInterstitialAdLoaded(pradoInterstitialAd:)",
            "children": [
              {
                "kind": "TypeNominal",
                "name": "Void",
                "printedName": "()"
              },
              {
                "kind": "TypeNominal",
                "name": "PradoInterstitialAd",
                "printedName": "PradoSDK.PradoInterstitialAd",
                "usr": "c:@M@PradoSDK@objc(cs)PradoInterstitialAd"
              }
            ],
            "declKind": "Func",
            "usr": "c:@M@PradoIronSourceAdapter@objc(cs)ISPradoCustomInterstitial(im)onInterstitialAdLoadedWithPradoInterstitialAd:",
            "mangledName": "$s22PradoIronSourceAdapter25ISPradoCustomInterstitialC02onG8AdLoaded05pradogI0y0A3SDK0agI0C_tF",
            "moduleName": "PradoIronSourceAdapter",
            "objc_name": "onInterstitialAdLoadedWithPradoInterstitialAd:",
            "declAttributes": [
              "ObjC",
              "AccessControl"
            ],
            "funcSelfKind": "NonMutating"
          },
          {
            "kind": "Function",
            "name": "onInterstitialAdFailedToLoad",
            "printedName": "onInterstitialAdFailedToLoad(pradoError:)",
            "children": [
              {
                "kind": "TypeNominal",
                "name": "Void",
                "printedName": "()"
              },
              {
                "kind": "TypeNominal",
                "name": "PradoError",
                "printedName": "PradoSDK.PradoError",
                "usr": "c:@M@PradoSDK@objc(cs)PradoError"
              }
            ],
            "declKind": "Func",
            "usr": "c:@M@PradoIronSourceAdapter@objc(cs)ISPradoCustomInterstitial(im)onInterstitialAdFailedToLoadWithPradoError:",
            "mangledName": "$s22PradoIronSourceAdapter25ISPradoCustomInterstitialC02onG14AdFailedToLoad10pradoErrory0A3SDK0aN0C_tF",
            "moduleName": "PradoIronSourceAdapter",
            "objc_name": "onInterstitialAdFailedToLoadWithPradoError:",
            "declAttributes": [
              "ObjC",
              "AccessControl"
            ],
            "funcSelfKind": "NonMutating"
          },
          {
            "kind": "Function",
            "name": "onInterstitialAdShown",
            "printedName": "onInterstitialAdShown(pradoInterstitialAd:)",
            "children": [
              {
                "kind": "TypeNominal",
                "name": "Void",
                "printedName": "()"
              },
              {
                "kind": "TypeNominal",
                "name": "PradoInterstitialAd",
                "printedName": "PradoSDK.PradoInterstitialAd",
                "usr": "c:@M@PradoSDK@objc(cs)PradoInterstitialAd"
              }
            ],
            "declKind": "Func",
            "usr": "c:@M@PradoIronSourceAdapter@objc(cs)ISPradoCustomInterstitial(im)onInterstitialAdShownWithPradoInterstitialAd:",
            "mangledName": "$s22PradoIronSourceAdapter25ISPradoCustomInterstitialC02onG7AdShown05pradogI0y0A3SDK0agI0C_tF",
            "moduleName": "PradoIronSourceAdapter",
            "objc_name": "onInterstitialAdShownWithPradoInterstitialAd:",
            "declAttributes": [
              "ObjC",
              "AccessControl"
            ],
            "funcSelfKind": "NonMutating"
          },
          {
            "kind": "Function",
            "name": "onInterstitialAdFailedToShow",
            "printedName": "onInterstitialAdFailedToShow(pradoInterstitialAd:pradoError:)",
            "children": [
              {
                "kind": "TypeNominal",
                "name": "Void",
                "printedName": "()"
              },
              {
                "kind": "TypeNominal",
                "name": "PradoInterstitialAd",
                "printedName": "PradoSDK.PradoInterstitialAd",
                "usr": "c:@M@PradoSDK@objc(cs)PradoInterstitialAd"
              },
              {
                "kind": "TypeNominal",
                "name": "PradoError",
                "printedName": "PradoSDK.PradoError",
                "usr": "c:@M@PradoSDK@objc(cs)PradoError"
              }
            ],
            "declKind": "Func",
            "usr": "c:@M@PradoIronSourceAdapter@objc(cs)ISPradoCustomInterstitial(im)onInterstitialAdFailedToShowWithPradoInterstitialAd:pradoError:",
            "mangledName": "$s22PradoIronSourceAdapter25ISPradoCustomInterstitialC02onG14AdFailedToShow05pradogI00M5Errory0A3SDK0agI0C_AG0aN0CtF",
            "moduleName": "PradoIronSourceAdapter",
            "objc_name": "onInterstitialAdFailedToShowWithPradoInterstitialAd:pradoError:",
            "declAttributes": [
              "ObjC",
              "AccessControl"
            ],
            "funcSelfKind": "NonMutating"
          },
          {
            "kind": "Function",
            "name": "onInterstitialImpression",
            "printedName": "onInterstitialImpression(pradoInterstitialAd:)",
            "children": [
              {
                "kind": "TypeNominal",
                "name": "Void",
                "printedName": "()"
              },
              {
                "kind": "TypeNominal",
                "name": "PradoInterstitialAd",
                "printedName": "PradoSDK.PradoInterstitialAd",
                "usr": "c:@M@PradoSDK@objc(cs)PradoInterstitialAd"
              }
            ],
            "declKind": "Func",
            "usr": "c:@M@PradoIronSourceAdapter@objc(cs)ISPradoCustomInterstitial(im)onInterstitialImpressionWithPradoInterstitialAd:",
            "mangledName": "$s22PradoIronSourceAdapter25ISPradoCustomInterstitialC02onG10Impression05pradoG2Ady0A3SDK0agK0C_tF",
            "moduleName": "PradoIronSourceAdapter",
            "objc_name": "onInterstitialImpressionWithPradoInterstitialAd:",
            "declAttributes": [
              "ObjC",
              "AccessControl"
            ],
            "funcSelfKind": "NonMutating"
          },
          {
            "kind": "Function",
            "name": "onInterstitialAdClosed",
            "printedName": "onInterstitialAdClosed(pradoInterstitialAd:)",
            "children": [
              {
                "kind": "TypeNominal",
                "name": "Void",
                "printedName": "()"
              },
              {
                "kind": "TypeNominal",
                "name": "PradoInterstitialAd",
                "printedName": "PradoSDK.PradoInterstitialAd",
                "usr": "c:@M@PradoSDK@objc(cs)PradoInterstitialAd"
              }
            ],
            "declKind": "Func",
            "usr": "c:@M@PradoIronSourceAdapter@objc(cs)ISPradoCustomInterstitial(im)onInterstitialAdClosedWithPradoInterstitialAd:",
            "mangledName": "$s22PradoIronSourceAdapter25ISPradoCustomInterstitialC02onG8AdClosed05pradogI0y0A3SDK0agI0C_tF",
            "moduleName": "PradoIronSourceAdapter",
            "objc_name": "onInterstitialAdClosedWithPradoInterstitialAd:",
            "declAttributes": [
              "ObjC",
              "AccessControl"
            ],
            "funcSelfKind": "NonMutating"
          },
          {
            "kind": "Constructor",
            "name": "init",
            "printedName": "init(_:)",
            "children": [
              {
                "kind": "TypeNominal",
                "name": "ISPradoCustomInterstitial",
                "printedName": "PradoIronSourceAdapter.ISPradoCustomInterstitial",
                "usr": "c:@M@PradoIronSourceAdapter@objc(cs)ISPradoCustomInterstitial"
              },
              {
                "kind": "TypeNominal",
                "name": "ISAdapterConfig",
                "printedName": "IronSource.ISAdapterConfig",
                "usr": "c:objc(cs)ISAdapterConfig"
              }
            ],
            "declKind": "Constructor",
            "usr": "c:@M@PradoIronSourceAdapter@objc(cs)ISPradoCustomInterstitial(im)init:",
            "mangledName": "$s22PradoIronSourceAdapter25ISPradoCustomInterstitialCyACSo15ISAdapterConfigCcfc",
            "moduleName": "PradoIronSourceAdapter",
            "overriding": true,
            "implicit": true,
            "objc_name": "init:",
            "declAttributes": [
              "Dynamic",
              "ObjC",
              "Override"
            ],
            "init_kind": "Designated"
          },
          {
            "kind": "Constructor",
            "name": "init",
            "printedName": "init(adUnit:adapterConfig:)",
            "children": [
              {
                "kind": "TypeNominal",
                "name": "ISPradoCustomInterstitial",
                "printedName": "PradoIronSourceAdapter.ISPradoCustomInterstitial",
                "usr": "c:@M@PradoIronSourceAdapter@objc(cs)ISPradoCustomInterstitial"
              },
              {
                "kind": "TypeNominal",
                "name": "ISAdUnit",
                "printedName": "IronSource.ISAdUnit",
                "usr": "c:objc(cs)ISAdUnit"
              },
              {
                "kind": "TypeNominal",
                "name": "ISAdapterConfig",
                "printedName": "IronSource.ISAdapterConfig",
                "usr": "c:objc(cs)ISAdapterConfig"
              }
            ],
            "declKind": "Constructor",
            "usr": "c:@M@PradoIronSourceAdapter@objc(cs)ISPradoCustomInterstitial(im)initWithAdUnit:adapterConfig:",
            "mangledName": "$s22PradoIronSourceAdapter25ISPradoCustomInterstitialC6adUnit13adapterConfigACSo04ISAdI0C_So09ISAdapterK0Ctcfc",
            "moduleName": "PradoIronSourceAdapter",
            "overriding": true,
            "implicit": true,
            "objc_name": "initWithAdUnit:adapterConfig:",
            "declAttributes": [
              "Dynamic",
              "ObjC",
              "Override"
            ],
            "init_kind": "Designated"
          },
          {
            "kind": "Constructor",
            "name": "init",
            "printedName": "init(adUnit:adapterConfig:adUnitObjectId:)",
            "children": [
              {
                "kind": "TypeNominal",
                "name": "ISPradoCustomInterstitial",
                "printedName": "PradoIronSourceAdapter.ISPradoCustomInterstitial",
                "usr": "c:@M@PradoIronSourceAdapter@objc(cs)ISPradoCustomInterstitial"
              },
              {
                "kind": "TypeNominal",
                "name": "ISAdUnit",
                "printedName": "IronSource.ISAdUnit",
                "usr": "c:objc(cs)ISAdUnit"
              },
              {
                "kind": "TypeNominal",
                "name": "ISAdapterConfig",
                "printedName": "IronSource.ISAdapterConfig",
                "usr": "c:objc(cs)ISAdapterConfig"
              },
              {
                "kind": "TypeNominal",
                "name": "Optional",
                "printedName": "Foundation.UUID?",
                "children": [
                  {
                    "kind": "TypeNominal",
                    "name": "UUID",
                    "printedName": "Foundation.UUID",
                    "usr": "s:10Foundation4UUIDV"
                  }
                ],
                "usr": "s:Sq"
              }
            ],
            "declKind": "Constructor",
            "usr": "c:@M@PradoIronSourceAdapter@objc(cs)ISPradoCustomInterstitial(im)initWithAdUnit:adapterConfig:adUnitObjectId:",
            "mangledName": "$s22PradoIronSourceAdapter25ISPradoCustomInterstitialC6adUnit13adapterConfig0hI8ObjectIdACSo04ISAdI0C_So09ISAdapterK0C10Foundation4UUIDVSgtcfc",
            "moduleName": "PradoIronSourceAdapter",
            "overriding": true,
            "implicit": true,
            "objc_name": "initWithAdUnit:adapterConfig:adUnitObjectId:",
            "declAttributes": [
              "Dynamic",
              "ObjC",
              "Override"
            ],
            "init_kind": "Designated"
          },
          {
            "kind": "Constructor",
            "name": "init",
            "printedName": "init()",
            "children": [
              {
                "kind": "TypeNominal",
                "name": "ISPradoCustomInterstitial",
                "printedName": "PradoIronSourceAdapter.ISPradoCustomInterstitial",
                "usr": "c:@M@PradoIronSourceAdapter@objc(cs)ISPradoCustomInterstitial"
              }
            ],
            "declKind": "Constructor",
            "usr": "c:@M@PradoIronSourceAdapter@objc(cs)ISPradoCustomInterstitial(im)init",
            "mangledName": "$s22PradoIronSourceAdapter25ISPradoCustomInterstitialCACycfc",
            "moduleName": "PradoIronSourceAdapter",
            "overriding": true,
            "implicit": true,
            "objc_name": "init",
            "declAttributes": [
              "Dynamic",
              "ObjC",
              "Override"
            ],
            "init_kind": "Designated"
          }
        ],
        "declKind": "Class",
        "usr": "c:@M@PradoIronSourceAdapter@objc(cs)ISPradoCustomInterstitial",
        "mangledName": "$s22PradoIronSourceAdapter25ISPradoCustomInterstitialC",
        "moduleName": "PradoIronSourceAdapter",
        "objc_name": "ISPradoCustomInterstitial",
        "declAttributes": [
          "AccessControl",
          "ObjC"
        ],
        "superclassUsr": "c:objc(cs)ISBaseInterstitial",
        "inheritsConvenienceInitializers": true,
        "superclassNames": [
          "IronSource.ISBaseInterstitial",
          "IronSource.ISBaseAdInteractionAdapter",
          "IronSource.ISBaseAdAdapter",
          "ObjectiveC.NSObject"
        ],
        "conformances": [
          {
            "kind": "Conformance",
            "name": "PradoInterstitialDelegate",
            "printedName": "PradoInterstitialDelegate",
            "usr": "c:@M@PradoSDK@objc(pl)PradoInterstitialDelegate",
            "mangledName": "$s8PradoSDK0A20InterstitialDelegateP"
          },
          {
            "kind": "Conformance",
            "name": "Equatable",
            "printedName": "Equatable",
            "usr": "s:SQ",
            "mangledName": "$sSQ"
          },
          {
            "kind": "Conformance",
            "name": "Hashable",
            "printedName": "Hashable",
            "usr": "s:SH",
            "mangledName": "$sSH"
          },
          {
            "kind": "Conformance",
            "name": "CVarArg",
            "printedName": "CVarArg",
            "usr": "s:s7CVarArgP",
            "mangledName": "$ss7CVarArgP"
          },
          {
            "kind": "Conformance",
            "name": "_KeyValueCodingAndObservingPublishing",
            "printedName": "_KeyValueCodingAndObservingPublishing",
            "usr": "s:10Foundation37_KeyValueCodingAndObservingPublishingP",
            "mangledName": "$s10Foundation37_KeyValueCodingAndObservingPublishingP"
          },
          {
            "kind": "Conformance",
            "name": "_KeyValueCodingAndObserving",
            "printedName": "_KeyValueCodingAndObserving",
            "usr": "s:10Foundation27_KeyValueCodingAndObservingP",
            "mangledName": "$s10Foundation27_KeyValueCodingAndObservingP"
          },
          {
            "kind": "Conformance",
            "name": "CustomStringConvertible",
            "printedName": "CustomStringConvertible",
            "usr": "s:s23CustomStringConvertibleP",
            "mangledName": "$ss23CustomStringConvertibleP"
          },
          {
            "kind": "Conformance",
            "name": "CustomDebugStringConvertible",
            "printedName": "CustomDebugStringConvertible",
            "usr": "s:s28CustomDebugStringConvertibleP",
            "mangledName": "$ss28CustomDebugStringConvertibleP"
          }
        ]
      },
      {
        "kind": "Import",
        "name": "Foundation",
        "printedName": "Foundation",
        "declKind": "Import",
        "moduleName": "PradoIronSourceAdapter",
        "declAttributes": [
          "RawDocComment"
        ]
      },
      {
        "kind": "Import",
        "name": "PradoSDK",
        "printedName": "PradoSDK",
        "declKind": "Import",
        "moduleName": "PradoIronSourceAdapter"
      },
      {
        "kind": "Import",
        "name": "IronSource",
        "printedName": "IronSource",
        "declKind": "Import",
        "moduleName": "PradoIronSourceAdapter"
      },
      {
        "kind": "TypeDecl",
        "name": "ISPradoCustomRewardedVideo",
        "printedName": "ISPradoCustomRewardedVideo",
        "children": [
          {
            "kind": "Function",
            "name": "loadAd",
            "printedName": "loadAd(with:delegate:)",
            "children": [
              {
                "kind": "TypeNominal",
                "name": "Void",
                "printedName": "()"
              },
              {
                "kind": "TypeNominal",
                "name": "ISAdData",
                "printedName": "IronSource.ISAdData",
                "usr": "c:objc(cs)ISAdData"
              },
              {
                "kind": "TypeNominal",
                "name": "ISRewardedVideoAdDelegate",
                "printedName": "IronSource.ISRewardedVideoAdDelegate",
                "usr": "c:objc(pl)ISRewardedVideoAdDelegate"
              }
            ],
            "declKind": "Func",
            "usr": "c:@M@PradoIronSourceAdapter@objc(cs)ISPradoCustomRewardedVideo(im)loadAdWithAdData:delegate:",
            "mangledName": "$s22PradoIronSourceAdapter26ISPradoCustomRewardedVideoC6loadAd4with8delegateySo8ISAdDataC_So010ISRewardedhJ8Delegate_ptF",
            "moduleName": "PradoIronSourceAdapter",
            "overriding": true,
            "objc_name": "loadAdWithAdData:delegate:",
            "declAttributes": [
              "Dynamic",
              "ObjC",
              "Override",
              "AccessControl"
            ],
            "funcSelfKind": "NonMutating"
          },
          {
            "kind": "Function",
            "name": "showAd",
            "printedName": "showAd(with:adData:delegate:)",
            "children": [
              {
                "kind": "TypeNominal",
                "name": "Void",
                "printedName": "()"
              },
              {
                "kind": "TypeNominal",
                "name": "UIViewController",
                "printedName": "UIKit.UIViewController",
                "usr": "c:objc(cs)UIViewController"
              },
              {
                "kind": "TypeNominal",
                "name": "ISAdData",
                "printedName": "IronSource.ISAdData",
                "usr": "c:objc(cs)ISAdData"
              },
              {
                "kind": "TypeNominal",
                "name": "ISRewardedVideoAdDelegate",
                "printedName": "IronSource.ISRewardedVideoAdDelegate",
                "usr": "c:objc(pl)ISRewardedVideoAdDelegate"
              }
            ],
            "declKind": "Func",
            "usr": "c:@M@PradoIronSourceAdapter@objc(cs)ISPradoCustomRewardedVideo(im)showAdWithViewController:adData:delegate:",
            "mangledName": "$s22PradoIronSourceAdapter26ISPradoCustomRewardedVideoC6showAd4with6adData8delegateySo16UIViewControllerC_So04ISAdM0CSo010ISRewardedhJ8Delegate_ptF",
            "moduleName": "PradoIronSourceAdapter",
            "overriding": true,
            "objc_name": "showAdWithViewController:adData:delegate:",
            "declAttributes": [
              "Dynamic",
              "ObjC",
              "Override",
              "AccessControl"
            ],
            "funcSelfKind": "NonMutating"
          },
          {
            "kind": "Function",
            "name": "isAdAvailable",
            "printedName": "isAdAvailable(with:)",
            "children": [
              {
                "kind": "TypeNominal",
                "name": "Bool",
                "printedName": "Swift.Bool",
                "usr": "s:Sb"
              },
              {
                "kind": "TypeNominal",
                "name": "ISAdData",
                "printedName": "IronSource.ISAdData",
                "usr": "c:objc(cs)ISAdData"
              }
            ],
            "declKind": "Func",
            "usr": "c:@M@PradoIronSourceAdapter@objc(cs)ISPradoCustomRewardedVideo(im)isAdAvailableWithAdData:",
            "mangledName": "$s22PradoIronSourceAdapter26ISPradoCustomRewardedVideoC13isAdAvailable4withSbSo8ISAdDataC_tF",
            "moduleName": "PradoIronSourceAdapter",
            "overriding": true,
            "objc_name": "isAdAvailableWithAdData:",
            "declAttributes": [
              "Dynamic",
              "ObjC",
              "Override",
              "AccessControl"
            ],
            "funcSelfKind": "NonMutating"
          },
          {
            "kind": "Function",
            "name": "onRewardedAdLoaded",
            "printedName": "onRewardedAdLoaded(pradoRewardedAd:)",
            "children": [
              {
                "kind": "TypeNominal",
                "name": "Void",
                "printedName": "()"
              },
              {
                "kind": "TypeNominal",
                "name": "PradoRewardedAd",
                "printedName": "PradoSDK.PradoRewardedAd",
                "usr": "c:@M@PradoSDK@objc(cs)PradoRewardedAd"
              }
            ],
            "declKind": "Func",
            "usr": "c:@M@PradoIronSourceAdapter@objc(cs)ISPradoCustomRewardedVideo(im)onRewardedAdLoadedWithPradoRewardedAd:",
            "mangledName": "$s22PradoIronSourceAdapter26ISPradoCustomRewardedVideoC02onG8AdLoaded05pradogJ0y0A3SDK0agJ0C_tF",
            "moduleName": "PradoIronSourceAdapter",
            "objc_name": "onRewardedAdLoadedWithPradoRewardedAd:",
            "declAttributes": [
              "ObjC",
              "AccessControl"
            ],
            "funcSelfKind": "NonMutating"
          },
          {
            "kind": "Function",
            "name": "onRewardedAdFailedToLoad",
            "printedName": "onRewardedAdFailedToLoad(pradoError:)",
            "children": [
              {
                "kind": "TypeNominal",
                "name": "Void",
                "printedName": "()"
              },
              {
                "kind": "TypeNominal",
                "name": "PradoError",
                "printedName": "PradoSDK.PradoError",
                "usr": "c:@M@PradoSDK@objc(cs)PradoError"
              }
            ],
            "declKind": "Func",
            "usr": "c:@M@PradoIronSourceAdapter@objc(cs)ISPradoCustomRewardedVideo(im)onRewardedAdFailedToLoadWithPradoError:",
            "mangledName": "$s22PradoIronSourceAdapter26ISPradoCustomRewardedVideoC02onG14AdFailedToLoad10pradoErrory0A3SDK0aO0C_tF",
            "moduleName": "PradoIronSourceAdapter",
            "objc_name": "onRewardedAdFailedToLoadWithPradoError:",
            "declAttributes": [
              "ObjC",
              "AccessControl"
            ],
            "funcSelfKind": "NonMutating"
          },
          {
            "kind": "Function",
            "name": "onRewardedAdShown",
            "printedName": "onRewardedAdShown(pradoRewardedAd:)",
            "children": [
              {
                "kind": "TypeNominal",
                "name": "Void",
                "printedName": "()"
              },
              {
                "kind": "TypeNominal",
                "name": "PradoRewardedAd",
                "printedName": "PradoSDK.PradoRewardedAd",
                "usr": "c:@M@PradoSDK@objc(cs)PradoRewardedAd"
              }
            ],
            "declKind": "Func",
            "usr": "c:@M@PradoIronSourceAdapter@objc(cs)ISPradoCustomRewardedVideo(im)onRewardedAdShownWithPradoRewardedAd:",
            "mangledName": "$s22PradoIronSourceAdapter26ISPradoCustomRewardedVideoC02onG7AdShown05pradogJ0y0A3SDK0agJ0C_tF",
            "moduleName": "PradoIronSourceAdapter",
            "objc_name": "onRewardedAdShownWithPradoRewardedAd:",
            "declAttributes": [
              "ObjC",
              "AccessControl"
            ],
            "funcSelfKind": "NonMutating"
          },
          {
            "kind": "Function",
            "name": "onRewardedAdFailedToShow",
            "printedName": "onRewardedAdFailedToShow(pradoRewardedAd:pradoError:)",
            "children": [
              {
                "kind": "TypeNominal",
                "name": "Void",
                "printedName": "()"
              },
              {
                "kind": "TypeNominal",
                "name": "PradoRewardedAd",
                "printedName": "PradoSDK.PradoRewardedAd",
                "usr": "c:@M@PradoSDK@objc(cs)PradoRewardedAd"
              },
              {
                "kind": "TypeNominal",
                "name": "PradoError",
                "printedName": "PradoSDK.PradoError",
                "usr": "c:@M@PradoSDK@objc(cs)PradoError"
              }
            ],
            "declKind": "Func",
            "usr": "c:@M@PradoIronSourceAdapter@objc(cs)ISPradoCustomRewardedVideo(im)onRewardedAdFailedToShowWithPradoRewardedAd:pradoError:",
            "mangledName": "$s22PradoIronSourceAdapter26ISPradoCustomRewardedVideoC02onG14AdFailedToShow05pradogJ00N5Errory0A3SDK0agJ0C_AG0aO0CtF",
            "moduleName": "PradoIronSourceAdapter",
            "objc_name": "onRewardedAdFailedToShowWithPradoRewardedAd:pradoError:",
            "declAttributes": [
              "ObjC",
              "AccessControl"
            ],
            "funcSelfKind": "NonMutating"
          },
          {
            "kind": "Function",
            "name": "onRewardedImpression",
            "printedName": "onRewardedImpression(pradoRewardedAd:)",
            "children": [
              {
                "kind": "TypeNominal",
                "name": "Void",
                "printedName": "()"
              },
              {
                "kind": "TypeNominal",
                "name": "PradoRewardedAd",
                "printedName": "PradoSDK.PradoRewardedAd",
                "usr": "c:@M@PradoSDK@objc(cs)PradoRewardedAd"
              }
            ],
            "declKind": "Func",
            "usr": "c:@M@PradoIronSourceAdapter@objc(cs)ISPradoCustomRewardedVideo(im)onRewardedImpressionWithPradoRewardedAd:",
            "mangledName": "$s22PradoIronSourceAdapter26ISPradoCustomRewardedVideoC02onG10Impression05pradoG2Ady0A3SDK0agL0C_tF",
            "moduleName": "PradoIronSourceAdapter",
            "objc_name": "onRewardedImpressionWithPradoRewardedAd:",
            "declAttributes": [
              "ObjC",
              "AccessControl"
            ],
            "funcSelfKind": "NonMutating"
          },
          {
            "kind": "Function",
            "name": "onRewardReceived",
            "printedName": "onRewardReceived(pradoRewardedAd:)",
            "children": [
              {
                "kind": "TypeNominal",
                "name": "Void",
                "printedName": "()"
              },
              {
                "kind": "TypeNominal",
                "name": "PradoRewardedAd",
                "printedName": "PradoSDK.PradoRewardedAd",
                "usr": "c:@M@PradoSDK@objc(cs)PradoRewardedAd"
              }
            ],
            "declKind": "Func",
            "usr": "c:@M@PradoIronSourceAdapter@objc(cs)ISPradoCustomRewardedVideo(im)onRewardReceivedWithPradoRewardedAd:",
            "mangledName": "$s22PradoIronSourceAdapter26ISPradoCustomRewardedVideoC16onRewardReceived05pradoG2Ady0A3SDK0agM0C_tF",
            "moduleName": "PradoIronSourceAdapter",
            "objc_name": "onRewardReceivedWithPradoRewardedAd:",
            "declAttributes": [
              "ObjC",
              "AccessControl"
            ],
            "funcSelfKind": "NonMutating"
          },
          {
            "kind": "Function",
            "name": "onRewardedAdClosed",
            "printedName": "onRewardedAdClosed(pradoRewardedAd:)",
            "children": [
              {
                "kind": "TypeNominal",
                "name": "Void",
                "printedName": "()"
              },
              {
                "kind": "TypeNominal",
                "name": "PradoRewardedAd",
                "printedName": "PradoSDK.PradoRewardedAd",
                "usr": "c:@M@PradoSDK@objc(cs)PradoRewardedAd"
              }
            ],
            "declKind": "Func",
            "usr": "c:@M@PradoIronSourceAdapter@objc(cs)ISPradoCustomRewardedVideo(im)onRewardedAdClosedWithPradoRewardedAd:",
            "mangledName": "$s22PradoIronSourceAdapter26ISPradoCustomRewardedVideoC02onG8AdClosed05pradogJ0y0A3SDK0agJ0C_tF",
            "moduleName": "PradoIronSourceAdapter",
            "objc_name": "onRewardedAdClosedWithPradoRewardedAd:",
            "declAttributes": [
              "ObjC",
              "AccessControl"
            ],
            "funcSelfKind": "NonMutating"
          },
          {
            "kind": "Constructor",
            "name": "init",
            "printedName": "init(_:)",
            "children": [
              {
                "kind": "TypeNominal",
                "name": "ISPradoCustomRewardedVideo",
                "printedName": "PradoIronSourceAdapter.ISPradoCustomRewardedVideo",
                "usr": "c:@M@PradoIronSourceAdapter@objc(cs)ISPradoCustomRewardedVideo"
              },
              {
                "kind": "TypeNominal",
                "name": "ISAdapterConfig",
                "printedName": "IronSource.ISAdapterConfig",
                "usr": "c:objc(cs)ISAdapterConfig"
              }
            ],
            "declKind": "Constructor",
            "usr": "c:@M@PradoIronSourceAdapter@objc(cs)ISPradoCustomRewardedVideo(im)init:",
            "mangledName": "$s22PradoIronSourceAdapter26ISPradoCustomRewardedVideoCyACSo15ISAdapterConfigCcfc",
            "moduleName": "PradoIronSourceAdapter",
            "overriding": true,
            "implicit": true,
            "objc_name": "init:",
            "declAttributes": [
              "Dynamic",
              "ObjC",
              "Override"
            ],
            "init_kind": "Designated"
          },
          {
            "kind": "Constructor",
            "name": "init",
            "printedName": "init(adUnit:adapterConfig:)",
            "children": [
              {
                "kind": "TypeNominal",
                "name": "ISPradoCustomRewardedVideo",
                "printedName": "PradoIronSourceAdapter.ISPradoCustomRewardedVideo",
                "usr": "c:@M@PradoIronSourceAdapter@objc(cs)ISPradoCustomRewardedVideo"
              },
              {
                "kind": "TypeNominal",
                "name": "ISAdUnit",
                "printedName": "IronSource.ISAdUnit",
                "usr": "c:objc(cs)ISAdUnit"
              },
              {
                "kind": "TypeNominal",
                "name": "ISAdapterConfig",
                "printedName": "IronSource.ISAdapterConfig",
                "usr": "c:objc(cs)ISAdapterConfig"
              }
            ],
            "declKind": "Constructor",
            "usr": "c:@M@PradoIronSourceAdapter@objc(cs)ISPradoCustomRewardedVideo(im)initWithAdUnit:adapterConfig:",
            "mangledName": "$s22PradoIronSourceAdapter26ISPradoCustomRewardedVideoC6adUnit13adapterConfigACSo04ISAdJ0C_So09ISAdapterL0Ctcfc",
            "moduleName": "PradoIronSourceAdapter",
            "overriding": true,
            "implicit": true,
            "objc_name": "initWithAdUnit:adapterConfig:",
            "declAttributes": [
              "Dynamic",
              "ObjC",
              "Override"
            ],
            "init_kind": "Designated"
          },
          {
            "kind": "Constructor",
            "name": "init",
            "printedName": "init(adUnit:adapterConfig:adUnitObjectId:)",
            "children": [
              {
                "kind": "TypeNominal",
                "name": "ISPradoCustomRewardedVideo",
                "printedName": "PradoIronSourceAdapter.ISPradoCustomRewardedVideo",
                "usr": "c:@M@PradoIronSourceAdapter@objc(cs)ISPradoCustomRewardedVideo"
              },
              {
                "kind": "TypeNominal",
                "name": "ISAdUnit",
                "printedName": "IronSource.ISAdUnit",
                "usr": "c:objc(cs)ISAdUnit"
              },
              {
                "kind": "TypeNominal",
                "name": "ISAdapterConfig",
                "printedName": "IronSource.ISAdapterConfig",
                "usr": "c:objc(cs)ISAdapterConfig"
              },
              {
                "kind": "TypeNominal",
                "name": "Optional",
                "printedName": "Foundation.UUID?",
                "children": [
                  {
                    "kind": "TypeNominal",
                    "name": "UUID",
                    "printedName": "Foundation.UUID",
                    "usr": "s:10Foundation4UUIDV"
                  }
                ],
                "usr": "s:Sq"
              }
            ],
            "declKind": "Constructor",
            "usr": "c:@M@PradoIronSourceAdapter@objc(cs)ISPradoCustomRewardedVideo(im)initWithAdUnit:adapterConfig:adUnitObjectId:",
            "mangledName": "$s22PradoIronSourceAdapter26ISPradoCustomRewardedVideoC6adUnit13adapterConfig0iJ8ObjectIdACSo04ISAdJ0C_So09ISAdapterL0C10Foundation4UUIDVSgtcfc",
            "moduleName": "PradoIronSourceAdapter",
            "overriding": true,
            "implicit": true,
            "objc_name": "initWithAdUnit:adapterConfig:adUnitObjectId:",
            "declAttributes": [
              "Dynamic",
              "ObjC",
              "Override"
            ],
            "init_kind": "Designated"
          },
          {
            "kind": "Constructor",
            "name": "init",
            "printedName": "init()",
            "children": [
              {
                "kind": "TypeNominal",
                "name": "ISPradoCustomRewardedVideo",
                "printedName": "PradoIronSourceAdapter.ISPradoCustomRewardedVideo",
                "usr": "c:@M@PradoIronSourceAdapter@objc(cs)ISPradoCustomRewardedVideo"
              }
            ],
            "declKind": "Constructor",
            "usr": "c:@M@PradoIronSourceAdapter@objc(cs)ISPradoCustomRewardedVideo(im)init",
            "mangledName": "$s22PradoIronSourceAdapter26ISPradoCustomRewardedVideoCACycfc",
            "moduleName": "PradoIronSourceAdapter",
            "overriding": true,
            "implicit": true,
            "objc_name": "init",
            "declAttributes": [
              "Dynamic",
              "ObjC",
              "Override"
            ],
            "init_kind": "Designated"
          }
        ],
        "declKind": "Class",
        "usr": "c:@M@PradoIronSourceAdapter@objc(cs)ISPradoCustomRewardedVideo",
        "mangledName": "$s22PradoIronSourceAdapter26ISPradoCustomRewardedVideoC",
        "moduleName": "PradoIronSourceAdapter",
        "objc_name": "ISPradoCustomRewardedVideo",
        "declAttributes": [
          "AccessControl",
          "ObjC"
        ],
        "superclassUsr": "c:objc(cs)ISBaseRewardedVideo",
        "inheritsConvenienceInitializers": true,
        "superclassNames": [
          "IronSource.ISBaseRewardedVideo",
          "IronSource.ISBaseAdInteractionAdapter",
          "IronSource.ISBaseAdAdapter",
          "ObjectiveC.NSObject"
        ],
        "conformances": [
          {
            "kind": "Conformance",
            "name": "PradoRewardedDelegate",
            "printedName": "PradoRewardedDelegate",
            "usr": "c:@M@PradoSDK@objc(pl)PradoRewardedDelegate",
            "mangledName": "$s8PradoSDK0A16RewardedDelegateP"
          },
          {
            "kind": "Conformance",
            "name": "Equatable",
            "printedName": "Equatable",
            "usr": "s:SQ",
            "mangledName": "$sSQ"
          },
          {
            "kind": "Conformance",
            "name": "Hashable",
            "printedName": "Hashable",
            "usr": "s:SH",
            "mangledName": "$sSH"
          },
          {
            "kind": "Conformance",
            "name": "CVarArg",
            "printedName": "CVarArg",
            "usr": "s:s7CVarArgP",
            "mangledName": "$ss7CVarArgP"
          },
          {
            "kind": "Conformance",
            "name": "_KeyValueCodingAndObservingPublishing",
            "printedName": "_KeyValueCodingAndObservingPublishing",
            "usr": "s:10Foundation37_KeyValueCodingAndObservingPublishingP",
            "mangledName": "$s10Foundation37_KeyValueCodingAndObservingPublishingP"
          },
          {
            "kind": "Conformance",
            "name": "_KeyValueCodingAndObserving",
            "printedName": "_KeyValueCodingAndObserving",
            "usr": "s:10Foundation27_KeyValueCodingAndObservingP",
            "mangledName": "$s10Foundation27_KeyValueCodingAndObservingP"
          },
          {
            "kind": "Conformance",
            "name": "CustomStringConvertible",
            "printedName": "CustomStringConvertible",
            "usr": "s:s23CustomStringConvertibleP",
            "mangledName": "$ss23CustomStringConvertibleP"
          },
          {
            "kind": "Conformance",
            "name": "CustomDebugStringConvertible",
            "printedName": "CustomDebugStringConvertible",
            "usr": "s:s28CustomDebugStringConvertibleP",
            "mangledName": "$ss28CustomDebugStringConvertibleP"
          }
        ]
      },
      {
        "kind": "Import",
        "name": "Foundation",
        "printedName": "Foundation",
        "declKind": "Import",
        "moduleName": "PradoIronSourceAdapter",
        "declAttributes": [
          "RawDocComment"
        ]
      },
      {
        "kind": "Import",
        "name": "PradoSDK",
        "printedName": "PradoSDK",
        "declKind": "Import",
        "moduleName": "PradoIronSourceAdapter"
      },
      {
        "kind": "Import",
        "name": "IronSource",
        "printedName": "IronSource",
        "declKind": "Import",
        "moduleName": "PradoIronSourceAdapter"
      },
      {
        "kind": "TypeDecl",
        "name": "ISPradoCustomBanner",
        "printedName": "ISPradoCustomBanner",
        "children": [
          {
            "kind": "Function",
            "name": "loadAd",
            "printedName": "loadAd(with:viewController:size:delegate:)",
            "children": [
              {
                "kind": "TypeNominal",
                "name": "Void",
                "printedName": "()"
              },
              {
                "kind": "TypeNominal",
                "name": "ISAdData",
                "printedName": "IronSource.ISAdData",
                "usr": "c:objc(cs)ISAdData"
              },
              {
                "kind": "TypeNominal",
                "name": "UIViewController",
                "printedName": "UIKit.UIViewController",
                "usr": "c:objc(cs)UIViewController"
              },
              {
                "kind": "TypeNominal",
                "name": "ISBannerSize",
                "printedName": "IronSource.ISBannerSize",
                "usr": "c:objc(cs)ISBannerSize"
              },
              {
                "kind": "TypeNominal",
                "name": "ISBannerAdDelegate",
                "printedName": "IronSource.ISBannerAdDelegate",
                "usr": "c:objc(pl)ISBannerAdDelegate"
              }
            ],
            "declKind": "Func",
            "usr": "c:@M@PradoIronSourceAdapter@objc(cs)ISPradoCustomBanner(im)loadAdWithAdData:viewController:size:delegate:",
            "mangledName": "$s22PradoIronSourceAdapter19ISPradoCustomBannerC6loadAd4with14viewController4size8delegateySo8ISAdDataC_So06UIViewL0CSo12ISBannerSizeCSo0rI8Delegate_ptF",
            "moduleName": "PradoIronSourceAdapter",
            "overriding": true,
            "objc_name": "loadAdWithAdData:viewController:size:delegate:",
            "declAttributes": [
              "Dynamic",
              "ObjC",
              "Override",
              "AccessControl"
            ],
            "funcSelfKind": "NonMutating"
          },
          {
            "kind": "Function",
            "name": "destroyAd",
            "printedName": "destroyAd(with:)",
            "children": [
              {
                "kind": "TypeNominal",
                "name": "Void",
                "printedName": "()"
              },
              {
                "kind": "TypeNominal",
                "name": "ISAdData",
                "printedName": "IronSource.ISAdData",
                "usr": "c:objc(cs)ISAdData"
              }
            ],
            "declKind": "Func",
            "usr": "c:@M@PradoIronSourceAdapter@objc(cs)ISPradoCustomBanner(im)destroyAdWithAdData:",
            "mangledName": "$s22PradoIronSourceAdapter19ISPradoCustomBannerC9destroyAd4withySo8ISAdDataC_tF",
            "moduleName": "PradoIronSourceAdapter",
            "overriding": true,
            "objc_name": "destroyAdWithAdData:",
            "declAttributes": [
              "Dynamic",
              "ObjC",
              "Override",
              "AccessControl"
            ],
            "funcSelfKind": "NonMutating"
          },
          {
            "kind": "Function",
            "name": "onBannerAdLoaded",
            "printedName": "onBannerAdLoaded(pradoBannerView:)",
            "children": [
              {
                "kind": "TypeNominal",
                "name": "Void",
                "printedName": "()"
              },
              {
                "kind": "TypeNominal",
                "name": "PradoBannerView",
                "printedName": "PradoSDK.PradoBannerView",
                "usr": "c:@M@PradoSDK@objc(cs)PradoBannerView"
              }
            ],
            "declKind": "Func",
            "usr": "c:@M@PradoIronSourceAdapter@objc(cs)ISPradoCustomBanner(im)onBannerAdLoadedWithPradoBannerView:",
            "mangledName": "$s22PradoIronSourceAdapter19ISPradoCustomBannerC02onG8AdLoaded05pradoG4Viewy0A3SDK0agL0C_tF",
            "moduleName": "PradoIronSourceAdapter",
            "objc_name": "onBannerAdLoadedWithPradoBannerView:",
            "declAttributes": [
              "ObjC",
              "AccessControl"
            ],
            "funcSelfKind": "NonMutating"
          },
          {
            "kind": "Function",
            "name": "onBannerAdFailedToLoad",
            "printedName": "onBannerAdFailedToLoad(pradoBannerView:error:)",
            "children": [
              {
                "kind": "TypeNominal",
                "name": "Void",
                "printedName": "()"
              },
              {
                "kind": "TypeNominal",
                "name": "PradoBannerView",
                "printedName": "PradoSDK.PradoBannerView",
                "usr": "c:@M@PradoSDK@objc(cs)PradoBannerView"
              },
              {
                "kind": "TypeNominal",
                "name": "PradoError",
                "printedName": "PradoSDK.PradoError",
                "usr": "c:@M@PradoSDK@objc(cs)PradoError"
              }
            ],
            "declKind": "Func",
            "usr": "c:@M@PradoIronSourceAdapter@objc(cs)ISPradoCustomBanner(im)onBannerAdFailedToLoadWithPradoBannerView:error:",
            "mangledName": "$s22PradoIronSourceAdapter19ISPradoCustomBannerC02onG14AdFailedToLoad05pradoG4View5errory0A3SDK0agN0C_AG0A5ErrorCtF",
            "moduleName": "PradoIronSourceAdapter",
            "objc_name": "onBannerAdFailedToLoadWithPradoBannerView:error:",
            "declAttributes": [
              "ObjC",
              "AccessControl"
            ],
            "funcSelfKind": "NonMutating"
          },
          {
            "kind": "Function",
            "name": "onBannerAdShown",
            "printedName": "onBannerAdShown(pradoBannerView:)",
            "children": [
              {
                "kind": "TypeNominal",
                "name": "Void",
                "printedName": "()"
              },
              {
                "kind": "TypeNominal",
                "name": "PradoBannerView",
                "printedName": "PradoSDK.PradoBannerView",
                "usr": "c:@M@PradoSDK@objc(cs)PradoBannerView"
              }
            ],
            "declKind": "Func",
            "usr": "c:@M@PradoIronSourceAdapter@objc(cs)ISPradoCustomBanner(im)onBannerAdShownWithPradoBannerView:",
            "mangledName": "$s22PradoIronSourceAdapter19ISPradoCustomBannerC02onG7AdShown05pradoG4Viewy0A3SDK0agL0C_tF",
            "moduleName": "PradoIronSourceAdapter",
            "objc_name": "onBannerAdShownWithPradoBannerView:",
            "declAttributes": [
              "ObjC",
              "AccessControl"
            ],
            "funcSelfKind": "NonMutating"
          },
          {
            "kind": "Function",
            "name": "onBannerAdFailedToShow",
            "printedName": "onBannerAdFailedToShow(pradoBannerView:error:)",
            "children": [
              {
                "kind": "TypeNominal",
                "name": "Void",
                "printedName": "()"
              },
              {
                "kind": "TypeNominal",
                "name": "PradoBannerView",
                "printedName": "PradoSDK.PradoBannerView",
                "usr": "c:@M@PradoSDK@objc(cs)PradoBannerView"
              },
              {
                "kind": "TypeNominal",
                "name": "PradoError",
                "printedName": "PradoSDK.PradoError",
                "usr": "c:@M@PradoSDK@objc(cs)PradoError"
              }
            ],
            "declKind": "Func",
            "usr": "c:@M@PradoIronSourceAdapter@objc(cs)ISPradoCustomBanner(im)onBannerAdFailedToShowWithPradoBannerView:error:",
            "mangledName": "$s22PradoIronSourceAdapter19ISPradoCustomBannerC02onG14AdFailedToShow05pradoG4View5errory0A3SDK0agN0C_AG0A5ErrorCtF",
            "moduleName": "PradoIronSourceAdapter",
            "objc_name": "onBannerAdFailedToShowWithPradoBannerView:error:",
            "declAttributes": [
              "ObjC",
              "AccessControl"
            ],
            "funcSelfKind": "NonMutating"
          },
          {
            "kind": "Function",
            "name": "onBannerAdImpression",
            "printedName": "onBannerAdImpression(pradoBannerView:)",
            "children": [
              {
                "kind": "TypeNominal",
                "name": "Void",
                "printedName": "()"
              },
              {
                "kind": "TypeNominal",
                "name": "PradoBannerView",
                "printedName": "PradoSDK.PradoBannerView",
                "usr": "c:@M@PradoSDK@objc(cs)PradoBannerView"
              }
            ],
            "declKind": "Func",
            "usr": "c:@M@PradoIronSourceAdapter@objc(cs)ISPradoCustomBanner(im)onBannerAdImpressionWithPradoBannerView:",
            "mangledName": "$s22PradoIronSourceAdapter19ISPradoCustomBannerC02onG12AdImpression05pradoG4Viewy0A3SDK0agL0C_tF",
            "moduleName": "PradoIronSourceAdapter",
            "objc_name": "onBannerAdImpressionWithPradoBannerView:",
            "declAttributes": [
              "ObjC",
              "AccessControl"
            ],
            "funcSelfKind": "NonMutating"
          },
          {
            "kind": "Function",
            "name": "onBannerAdClosed",
            "printedName": "onBannerAdClosed(pradoBannerView:)",
            "children": [
              {
                "kind": "TypeNominal",
                "name": "Void",
                "printedName": "()"
              },
              {
                "kind": "TypeNominal",
                "name": "PradoBannerView",
                "printedName": "PradoSDK.PradoBannerView",
                "usr": "c:@M@PradoSDK@objc(cs)PradoBannerView"
              }
            ],
            "declKind": "Func",
            "usr": "c:@M@PradoIronSourceAdapter@objc(cs)ISPradoCustomBanner(im)onBannerAdClosedWithPradoBannerView:",
            "mangledName": "$s22PradoIronSourceAdapter19ISPradoCustomBannerC02onG8AdClosed05pradoG4Viewy0A3SDK0agL0C_tF",
            "moduleName": "PradoIronSourceAdapter",
            "objc_name": "onBannerAdClosedWithPradoBannerView:",
            "declAttributes": [
              "ObjC",
              "AccessControl"
            ],
            "funcSelfKind": "NonMutating"
          },
          {
            "kind": "Constructor",
            "name": "init",
            "printedName": "init(_:)",
            "children": [
              {
                "kind": "TypeNominal",
                "name": "ISPradoCustomBanner",
                "printedName": "PradoIronSourceAdapter.ISPradoCustomBanner",
                "usr": "c:@M@PradoIronSourceAdapter@objc(cs)ISPradoCustomBanner"
              },
              {
                "kind": "TypeNominal",
                "name": "ISAdapterConfig",
                "printedName": "IronSource.ISAdapterConfig",
                "usr": "c:objc(cs)ISAdapterConfig"
              }
            ],
            "declKind": "Constructor",
            "usr": "c:@M@PradoIronSourceAdapter@objc(cs)ISPradoCustomBanner(im)init:",
            "mangledName": "$s22PradoIronSourceAdapter19ISPradoCustomBannerCyACSo15ISAdapterConfigCcfc",
            "moduleName": "PradoIronSourceAdapter",
            "overriding": true,
            "implicit": true,
            "objc_name": "init:",
            "declAttributes": [
              "Dynamic",
              "ObjC",
              "Override"
            ],
            "init_kind": "Designated"
          },
          {
            "kind": "Constructor",
            "name": "init",
            "printedName": "init(adUnit:adapterConfig:)",
            "children": [
              {
                "kind": "TypeNominal",
                "name": "ISPradoCustomBanner",
                "printedName": "PradoIronSourceAdapter.ISPradoCustomBanner",
                "usr": "c:@M@PradoIronSourceAdapter@objc(cs)ISPradoCustomBanner"
              },
              {
                "kind": "TypeNominal",
                "name": "ISAdUnit",
                "printedName": "IronSource.ISAdUnit",
                "usr": "c:objc(cs)ISAdUnit"
              },
              {
                "kind": "TypeNominal",
                "name": "ISAdapterConfig",
                "printedName": "IronSource.ISAdapterConfig",
                "usr": "c:objc(cs)ISAdapterConfig"
              }
            ],
            "declKind": "Constructor",
            "usr": "c:@M@PradoIronSourceAdapter@objc(cs)ISPradoCustomBanner(im)initWithAdUnit:adapterConfig:",
            "mangledName": "$s22PradoIronSourceAdapter19ISPradoCustomBannerC6adUnit13adapterConfigACSo04ISAdI0C_So09ISAdapterK0Ctcfc",
            "moduleName": "PradoIronSourceAdapter",
            "overriding": true,
            "implicit": true,
            "objc_name": "initWithAdUnit:adapterConfig:",
            "declAttributes": [
              "Dynamic",
              "ObjC",
              "Override"
            ],
            "init_kind": "Designated"
          },
          {
            "kind": "Constructor",
            "name": "init",
            "printedName": "init(adUnit:adapterConfig:adUnitObjectId:)",
            "children": [
              {
                "kind": "TypeNominal",
                "name": "ISPradoCustomBanner",
                "printedName": "PradoIronSourceAdapter.ISPradoCustomBanner",
                "usr": "c:@M@PradoIronSourceAdapter@objc(cs)ISPradoCustomBanner"
              },
              {
                "kind": "TypeNominal",
                "name": "ISAdUnit",
                "printedName": "IronSource.ISAdUnit",
                "usr": "c:objc(cs)ISAdUnit"
              },
              {
                "kind": "TypeNominal",
                "name": "ISAdapterConfig",
                "printedName": "IronSource.ISAdapterConfig",
                "usr": "c:objc(cs)ISAdapterConfig"
              },
              {
                "kind": "TypeNominal",
                "name": "Optional",
                "printedName": "Foundation.UUID?",
                "children": [
                  {
                    "kind": "TypeNominal",
                    "name": "UUID",
                    "printedName": "Foundation.UUID",
                    "usr": "s:10Foundation4UUIDV"
                  }
                ],
                "usr": "s:Sq"
              }
            ],
            "declKind": "Constructor",
            "usr": "c:@M@PradoIronSourceAdapter@objc(cs)ISPradoCustomBanner(im)initWithAdUnit:adapterConfig:adUnitObjectId:",
            "mangledName": "$s22PradoIronSourceAdapter19ISPradoCustomBannerC6adUnit13adapterConfig0hI8ObjectIdACSo04ISAdI0C_So09ISAdapterK0C10Foundation4UUIDVSgtcfc",
            "moduleName": "PradoIronSourceAdapter",
            "overriding": true,
            "implicit": true,
            "objc_name": "initWithAdUnit:adapterConfig:adUnitObjectId:",
            "declAttributes": [
              "Dynamic",
              "ObjC",
              "Override"
            ],
            "init_kind": "Designated"
          },
          {
            "kind": "Constructor",
            "name": "init",
            "printedName": "init()",
            "children": [
              {
                "kind": "TypeNominal",
                "name": "ISPradoCustomBanner",
                "printedName": "PradoIronSourceAdapter.ISPradoCustomBanner",
                "usr": "c:@M@PradoIronSourceAdapter@objc(cs)ISPradoCustomBanner"
              }
            ],
            "declKind": "Constructor",
            "usr": "c:@M@PradoIronSourceAdapter@objc(cs)ISPradoCustomBanner(im)init",
            "mangledName": "$s22PradoIronSourceAdapter19ISPradoCustomBannerCACycfc",
            "moduleName": "PradoIronSourceAdapter",
            "overriding": true,
            "implicit": true,
            "objc_name": "init",
            "declAttributes": [
              "Dynamic",
              "ObjC",
              "Override"
            ],
            "init_kind": "Designated"
          }
        ],
        "declKind": "Class",
        "usr": "c:@M@PradoIronSourceAdapter@objc(cs)ISPradoCustomBanner",
        "mangledName": "$s22PradoIronSourceAdapter19ISPradoCustomBannerC",
        "moduleName": "PradoIronSourceAdapter",
        "objc_name": "ISPradoCustomBanner",
        "declAttributes": [
          "AccessControl",
          "ObjC"
        ],
        "superclassUsr": "c:objc(cs)ISBaseBanner",
        "inheritsConvenienceInitializers": true,
        "superclassNames": [
          "IronSource.ISBaseBanner",
          "IronSource.ISBaseAdAdapter",
          "ObjectiveC.NSObject"
        ],
        "conformances": [
          {
            "kind": "Conformance",
            "name": "PradoBannerDelegate",
            "printedName": "PradoBannerDelegate",
            "usr": "c:@M@PradoSDK@objc(pl)PradoBannerDelegate",
            "mangledName": "$s8PradoSDK0A14BannerDelegateP"
          },
          {
            "kind": "Conformance",
            "name": "Equatable",
            "printedName": "Equatable",
            "usr": "s:SQ",
            "mangledName": "$sSQ"
          },
          {
            "kind": "Conformance",
            "name": "Hashable",
            "printedName": "Hashable",
            "usr": "s:SH",
            "mangledName": "$sSH"
          },
          {
            "kind": "Conformance",
            "name": "CVarArg",
            "printedName": "CVarArg",
            "usr": "s:s7CVarArgP",
            "mangledName": "$ss7CVarArgP"
          },
          {
            "kind": "Conformance",
            "name": "_KeyValueCodingAndObservingPublishing",
            "printedName": "_KeyValueCodingAndObservingPublishing",
            "usr": "s:10Foundation37_KeyValueCodingAndObservingPublishingP",
            "mangledName": "$s10Foundation37_KeyValueCodingAndObservingPublishingP"
          },
          {
            "kind": "Conformance",
            "name": "_KeyValueCodingAndObserving",
            "printedName": "_KeyValueCodingAndObserving",
            "usr": "s:10Foundation27_KeyValueCodingAndObservingP",
            "mangledName": "$s10Foundation27_KeyValueCodingAndObservingP"
          },
          {
            "kind": "Conformance",
            "name": "CustomStringConvertible",
            "printedName": "CustomStringConvertible",
            "usr": "s:s23CustomStringConvertibleP",
            "mangledName": "$ss23CustomStringConvertibleP"
          },
          {
            "kind": "Conformance",
            "name": "CustomDebugStringConvertible",
            "printedName": "CustomDebugStringConvertible",
            "usr": "s:s28CustomDebugStringConvertibleP",
            "mangledName": "$ss28CustomDebugStringConvertibleP"
          }
        ]
      }
    ],
    "json_format_version": 8
  },
  "ConstValues": [
    {
      "filePath": "\/Users\/yarden\/Development\/iOS\/kpadplayer-ios-ironsource-adapter\/PradoIronSourceAdapter\/PradoIronSourceAdapter\/PradoIronSourceSDKInfo.swift",
      "kind": "StringLiteral",
      "offset": 343,
      "length": 94,
      "value": "\"\""
    },
    {
      "filePath": "\/Users\/yarden\/Development\/iOS\/kpadplayer-ios-ironsource-adapter\/PradoIronSourceAdapter\/PradoIronSourceAdapter\/PradoIronSourceSDKInfo.swift",
      "kind": "StringLiteral",
      "offset": 389,
      "length": 1,
      "value": "\"::\""
    },
    {
      "filePath": "\/Users\/yarden\/Development\/iOS\/kpadplayer-ios-ironsource-adapter\/PradoIronSourceAdapter\/PradoIronSourceAdapter\/PradoIronSourceSDKInfo.swift",
      "kind": "StringLiteral",
      "offset": 436,
      "length": 1,
      "value": "\"\""
    },
    {
      "filePath": "\/Users\/yarden\/Development\/iOS\/kpadplayer-ios-ironsource-adapter\/PradoIronSourceAdapter\/PradoIronSourceAdapter\/PradoIronSourceSDKInfo.swift",
      "kind": "StringLiteral",
      "offset": 622,
      "length": 7,
      "value": "\"2.0.0\""
    },
    {
      "filePath": "\/Users\/yarden\/Development\/iOS\/kpadplayer-ios-ironsource-adapter\/PradoIronSourceAdapter\/PradoIronSourceAdapter\/ISPradoCustomAdapter.swift",
      "kind": "StringLiteral",
      "offset": 864,
      "length": 13,
      "value": "\"publisherId\""
    },
    {
      "filePath": "\/Users\/yarden\/Development\/iOS\/kpadplayer-ios-ironsource-adapter\/PradoIronSourceAdapter\/PradoIronSourceAdapter\/ISPradoCustomAdapter.swift",
      "kind": "StringLiteral",
      "offset": 909,
      "length": 7,
      "value": "\"token\""
    },
    {
      "filePath": "\/Users\/yarden\/Development\/iOS\/kpadplayer-ios-ironsource-adapter\/PradoIronSourceAdapter\/PradoIronSourceAdapter\/ISPradoCustomAdapter.swift",
      "kind": "StringLiteral",
      "offset": 1031,
      "length": 35,
      "value": "\"Missing publisher id and\/or token\""
    },
    {
      "filePath": "\/Users\/yarden\/Development\/iOS\/kpadplayer-ios-ironsource-adapter\/PradoIronSourceAdapter\/PradoIronSourceAdapter\/ISPradoCustomAdapter.swift",
      "kind": "StringLiteral",
      "offset": 1173,
      "length": 12,
      "value": "\"ironsource\""
    },
    {
      "filePath": "\/Users\/yarden\/Development\/iOS\/kpadplayer-ios-ironsource-adapter\/PradoIronSourceAdapter\/PradoIronSourceAdapter\/ISPradoCustomInterstitial.swift",
      "kind": "StringLiteral",
      "offset": 624,
      "length": 8,
      "value": "\"loadAd\""
    },
    {
      "filePath": "\/Users\/yarden\/Development\/iOS\/kpadplayer-ios-ironsource-adapter\/PradoIronSourceAdapter\/PradoIronSourceAdapter\/ISPradoCustomInterstitial.swift",
      "kind": "StringLiteral",
      "offset": 871,
      "length": 8,
      "value": "\"showAd\""
    },
    {
      "filePath": "\/Users\/yarden\/Development\/iOS\/kpadplayer-ios-ironsource-adapter\/PradoIronSourceAdapter\/PradoIronSourceAdapter\/ISPradoCustomInterstitial.swift",
      "kind": "StringLiteral",
      "offset": 1045,
      "length": 25,
      "value": "\"showAd Ad is not loaded\""
    },
    {
      "filePath": "\/Users\/yarden\/Development\/iOS\/kpadplayer-ios-ironsource-adapter\/PradoIronSourceAdapter\/PradoIronSourceAdapter\/ISPradoCustomInterstitial.swift",
      "kind": "StringLiteral",
      "offset": 1174,
      "length": 18,
      "value": "\"Ad is not loaded\""
    },
    {
      "filePath": "\/Users\/yarden\/Development\/iOS\/kpadplayer-ios-ironsource-adapter\/PradoIronSourceAdapter\/PradoIronSourceAdapter\/ISPradoCustomInterstitial.swift",
      "kind": "StringLiteral",
      "offset": 1516,
      "length": 24,
      "value": "\"onInterstitialAdLoaded\""
    },
    {
      "filePath": "\/Users\/yarden\/Development\/iOS\/kpadplayer-ios-ironsource-adapter\/PradoIronSourceAdapter\/PradoIronSourceAdapter\/ISPradoCustomInterstitial.swift",
      "kind": "StringLiteral",
      "offset": 1714,
      "length": 53,
      "value": "\"onInterstitialAdFailedToLoad::\""
    },
    {
      "filePath": "\/Users\/yarden\/Development\/iOS\/kpadplayer-ios-ironsource-adapter\/PradoIronSourceAdapter\/PradoIronSourceAdapter\/ISPradoCustomInterstitial.swift",
      "kind": "StringLiteral",
      "offset": 1766,
      "length": 2,
      "value": "\"\""
    },
    {
      "filePath": "\/Users\/yarden\/Development\/iOS\/kpadplayer-ios-ironsource-adapter\/PradoIronSourceAdapter\/PradoIronSourceAdapter\/ISPradoCustomInterstitial.swift",
      "kind": "StringLiteral",
      "offset": 2018,
      "length": 23,
      "value": "\"onInterstitialAdShown\""
    },
    {
      "filePath": "\/Users\/yarden\/Development\/iOS\/kpadplayer-ios-ironsource-adapter\/PradoIronSourceAdapter\/PradoIronSourceAdapter\/ISPradoCustomInterstitial.swift",
      "kind": "StringLiteral",
      "offset": 2219,
      "length": 53,
      "value": "\"onInterstitialAdFailedToShow::\""
    },
    {
      "filePath": "\/Users\/yarden\/Development\/iOS\/kpadplayer-ios-ironsource-adapter\/PradoIronSourceAdapter\/PradoIronSourceAdapter\/ISPradoCustomInterstitial.swift",
      "kind": "StringLiteral",
      "offset": 2271,
      "length": 2,
      "value": "\"\""
    },
    {
      "filePath": "\/Users\/yarden\/Development\/iOS\/kpadplayer-ios-ironsource-adapter\/PradoIronSourceAdapter\/PradoIronSourceAdapter\/ISPradoCustomInterstitial.swift",
      "kind": "StringLiteral",
      "offset": 2495,
      "length": 26,
      "value": "\"onInterstitialImpression\""
    },
    {
      "filePath": "\/Users\/yarden\/Development\/iOS\/kpadplayer-ios-ironsource-adapter\/PradoIronSourceAdapter\/PradoIronSourceAdapter\/ISPradoCustomInterstitial.swift",
      "kind": "StringLiteral",
      "offset": 2629,
      "length": 24,
      "value": "\"onInterstitialAdClosed\""
    },
    {
      "filePath": "\/Users\/yarden\/Development\/iOS\/kpadplayer-ios-ironsource-adapter\/PradoIronSourceAdapter\/PradoIronSourceAdapter\/ISPradoCustomInterstitial.swift",
      "kind": "StringLiteral",
      "offset": 2759,
      "length": 65,
      "value": "\"PradoLog::Debug::\""
    },
    {
      "filePath": "\/Users\/yarden\/Development\/iOS\/kpadplayer-ios-ironsource-adapter\/PradoIronSourceAdapter\/PradoIronSourceAdapter\/ISPradoCustomInterstitial.swift",
      "kind": "StringLiteral",
      "offset": 2810,
      "length": 1,
      "value": "\" - \""
    },
    {
      "filePath": "\/Users\/yarden\/Development\/iOS\/kpadplayer-ios-ironsource-adapter\/PradoIronSourceAdapter\/PradoIronSourceAdapter\/ISPradoCustomInterstitial.swift",
      "kind": "StringLiteral",
      "offset": 2823,
      "length": 2,
      "value": "\"\""
    },
    {
      "filePath": "\/Users\/yarden\/Development\/iOS\/kpadplayer-ios-ironsource-adapter\/PradoIronSourceAdapter\/PradoIronSourceAdapter\/ISPradoCustomRewardedVideo.swift",
      "kind": "StringLiteral",
      "offset": 622,
      "length": 8,
      "value": "\"loadAd\""
    },
    {
      "filePath": "\/Users\/yarden\/Development\/iOS\/kpadplayer-ios-ironsource-adapter\/PradoIronSourceAdapter\/PradoIronSourceAdapter\/ISPradoCustomRewardedVideo.swift",
      "kind": "StringLiteral",
      "offset": 865,
      "length": 8,
      "value": "\"showAd\""
    },
    {
      "filePath": "\/Users\/yarden\/Development\/iOS\/kpadplayer-ios-ironsource-adapter\/PradoIronSourceAdapter\/PradoIronSourceAdapter\/ISPradoCustomRewardedVideo.swift",
      "kind": "StringLiteral",
      "offset": 1039,
      "length": 25,
      "value": "\"showAd Ad is not loaded\""
    },
    {
      "filePath": "\/Users\/yarden\/Development\/iOS\/kpadplayer-ios-ironsource-adapter\/PradoIronSourceAdapter\/PradoIronSourceAdapter\/ISPradoCustomRewardedVideo.swift",
      "kind": "StringLiteral",
      "offset": 1168,
      "length": 18,
      "value": "\"Ad is not loaded\""
    },
    {
      "filePath": "\/Users\/yarden\/Development\/iOS\/kpadplayer-ios-ironsource-adapter\/PradoIronSourceAdapter\/PradoIronSourceAdapter\/ISPradoCustomRewardedVideo.swift",
      "kind": "StringLiteral",
      "offset": 1498,
      "length": 20,
      "value": "\"onRewardedAdLoaded\""
    },
    {
      "filePath": "\/Users\/yarden\/Development\/iOS\/kpadplayer-ios-ironsource-adapter\/PradoIronSourceAdapter\/PradoIronSourceAdapter\/ISPradoCustomRewardedVideo.swift",
      "kind": "StringLiteral",
      "offset": 1684,
      "length": 49,
      "value": "\"onRewardedAdFailedToLoad::\""
    },
    {
      "filePath": "\/Users\/yarden\/Development\/iOS\/kpadplayer-ios-ironsource-adapter\/PradoIronSourceAdapter\/PradoIronSourceAdapter\/ISPradoCustomRewardedVideo.swift",
      "kind": "StringLiteral",
      "offset": 1732,
      "length": 2,
      "value": "\"\""
    },
    {
      "filePath": "\/Users\/yarden\/Development\/iOS\/kpadplayer-ios-ironsource-adapter\/PradoIronSourceAdapter\/PradoIronSourceAdapter\/ISPradoCustomRewardedVideo.swift",
      "kind": "StringLiteral",
      "offset": 1972,
      "length": 19,
      "value": "\"onRewardedAdShown\""
    },
    {
      "filePath": "\/Users\/yarden\/Development\/iOS\/kpadplayer-ios-ironsource-adapter\/PradoIronSourceAdapter\/PradoIronSourceAdapter\/ISPradoCustomRewardedVideo.swift",
      "kind": "StringLiteral",
      "offset": 2157,
      "length": 49,
      "value": "\"onRewardedAdFailedToShow::\""
    },
    {
      "filePath": "\/Users\/yarden\/Development\/iOS\/kpadplayer-ios-ironsource-adapter\/PradoIronSourceAdapter\/PradoIronSourceAdapter\/ISPradoCustomRewardedVideo.swift",
      "kind": "StringLiteral",
      "offset": 2205,
      "length": 2,
      "value": "\"\""
    },
    {
      "filePath": "\/Users\/yarden\/Development\/iOS\/kpadplayer-ios-ironsource-adapter\/PradoIronSourceAdapter\/PradoIronSourceAdapter\/ISPradoCustomRewardedVideo.swift",
      "kind": "StringLiteral",
      "offset": 2417,
      "length": 22,
      "value": "\"onRewardedImpression\""
    },
    {
      "filePath": "\/Users\/yarden\/Development\/iOS\/kpadplayer-ios-ironsource-adapter\/PradoIronSourceAdapter\/PradoIronSourceAdapter\/ISPradoCustomRewardedVideo.swift",
      "kind": "StringLiteral",
      "offset": 2533,
      "length": 18,
      "value": "\"onRewardReceived\""
    },
    {
      "filePath": "\/Users\/yarden\/Development\/iOS\/kpadplayer-ios-ironsource-adapter\/PradoIronSourceAdapter\/PradoIronSourceAdapter\/ISPradoCustomRewardedVideo.swift",
      "kind": "StringLiteral",
      "offset": 2688,
      "length": 20,
      "value": "\"onRewardedAdClosed\""
    },
    {
      "filePath": "\/Users\/yarden\/Development\/iOS\/kpadplayer-ios-ironsource-adapter\/PradoIronSourceAdapter\/PradoIronSourceAdapter\/ISPradoCustomRewardedVideo.swift",
      "kind": "StringLiteral",
      "offset": 2814,
      "length": 65,
      "value": "\"PradoLog::Debug::\""
    },
    {
      "filePath": "\/Users\/yarden\/Development\/iOS\/kpadplayer-ios-ironsource-adapter\/PradoIronSourceAdapter\/PradoIronSourceAdapter\/ISPradoCustomRewardedVideo.swift",
      "kind": "StringLiteral",
      "offset": 2865,
      "length": 1,
      "value": "\" - \""
    },
    {
      "filePath": "\/Users\/yarden\/Development\/iOS\/kpadplayer-ios-ironsource-adapter\/PradoIronSourceAdapter\/PradoIronSourceAdapter\/ISPradoCustomRewardedVideo.swift",
      "kind": "StringLiteral",
      "offset": 2878,
      "length": 2,
      "value": "\"\""
    },
    {
      "filePath": "\/Users\/yarden\/Development\/iOS\/kpadplayer-ios-ironsource-adapter\/PradoIronSourceAdapter\/PradoIronSourceAdapter\/ISPradoCustomBanner.swift",
      "kind": "StringLiteral",
      "offset": 644,
      "length": 8,
      "value": "\"loadAd\""
    },
    {
      "filePath": "\/Users\/yarden\/Development\/iOS\/kpadplayer-ios-ironsource-adapter\/PradoIronSourceAdapter\/PradoIronSourceAdapter\/ISPradoCustomBanner.swift",
      "kind": "StringLiteral",
      "offset": 1047,
      "length": 18,
      "value": "\"onBannerAdLoaded\""
    },
    {
      "filePath": "\/Users\/yarden\/Development\/iOS\/kpadplayer-ios-ironsource-adapter\/PradoIronSourceAdapter\/PradoIronSourceAdapter\/ISPradoCustomBanner.swift",
      "kind": "StringLiteral",
      "offset": 1180,
      "length": 42,
      "value": "\"onBannerAdFailedToLoad::\""
    },
    {
      "filePath": "\/Users\/yarden\/Development\/iOS\/kpadplayer-ios-ironsource-adapter\/PradoIronSourceAdapter\/PradoIronSourceAdapter\/ISPradoCustomBanner.swift",
      "kind": "StringLiteral",
      "offset": 1221,
      "length": 2,
      "value": "\"\""
    },
    {
      "filePath": "\/Users\/yarden\/Development\/iOS\/kpadplayer-ios-ironsource-adapter\/PradoIronSourceAdapter\/PradoIronSourceAdapter\/ISPradoCustomBanner.swift",
      "kind": "StringLiteral",
      "offset": 1445,
      "length": 17,
      "value": "\"onBannerAdShown\""
    },
    {
      "filePath": "\/Users\/yarden\/Development\/iOS\/kpadplayer-ios-ironsource-adapter\/PradoIronSourceAdapter\/PradoIronSourceAdapter\/ISPradoCustomBanner.swift",
      "kind": "StringLiteral",
      "offset": 1804,
      "length": 42,
      "value": "\"onBannerAdFailedToShow::\""
    },
    {
      "filePath": "\/Users\/yarden\/Development\/iOS\/kpadplayer-ios-ironsource-adapter\/PradoIronSourceAdapter\/PradoIronSourceAdapter\/ISPradoCustomBanner.swift",
      "kind": "StringLiteral",
      "offset": 1845,
      "length": 2,
      "value": "\"\""
    },
    {
      "filePath": "\/Users\/yarden\/Development\/iOS\/kpadplayer-ios-ironsource-adapter\/PradoIronSourceAdapter\/PradoIronSourceAdapter\/ISPradoCustomBanner.swift",
      "kind": "StringLiteral",
      "offset": 2074,
      "length": 22,
      "value": "\"onBannerAdImpression\""
    },
    {
      "filePath": "\/Users\/yarden\/Development\/iOS\/kpadplayer-ios-ironsource-adapter\/PradoIronSourceAdapter\/PradoIronSourceAdapter\/ISPradoCustomBanner.swift",
      "kind": "StringLiteral",
      "offset": 2186,
      "length": 18,
      "value": "\"onBannerAdClosed\""
    },
    {
      "filePath": "\/Users\/yarden\/Development\/iOS\/kpadplayer-ios-ironsource-adapter\/PradoIronSourceAdapter\/PradoIronSourceAdapter\/ISPradoCustomBanner.swift",
      "kind": "StringLiteral",
      "offset": 2322,
      "length": 58,
      "value": "\"PradoLog::Debug::\""
    },
    {
      "filePath": "\/Users\/yarden\/Development\/iOS\/kpadplayer-ios-ironsource-adapter\/PradoIronSourceAdapter\/PradoIronSourceAdapter\/ISPradoCustomBanner.swift",
      "kind": "StringLiteral",
      "offset": 2366,
      "length": 1,
      "value": "\" - \""
    },
    {
      "filePath": "\/Users\/yarden\/Development\/iOS\/kpadplayer-ios-ironsource-adapter\/PradoIronSourceAdapter\/PradoIronSourceAdapter\/ISPradoCustomBanner.swift",
      "kind": "StringLiteral",
      "offset": 2379,
      "length": 2,
      "value": "\"\""
    }
  ]
}